Order ID,Order Date,Ship Date,Ship Mode,Customer ID,Customer Name,Segment,Region,Category,Sub-Category,Product Name,Quantity,Unit Price,Sales,Discount,Profit
ORD-1000,01/01/2023,07/01/2023,First Class,CUST-1000,Carol White,Home Office,Central,Furniture,Storage,Steel Cabinet,1,142.03,142.03,0.3,-14.2
ORD-1001,02/01/2023,08/01/2023,Same Day,CUST-1001,Carol White,Consumer,East,Technology,Tables,Mouse Pad,9,440.25,3962.25,0.1,396.22
ORD-1002,03/01/2023,08/01/2023,Standard Class,CUST-1002,John Doe,Home Office,South,Furniture,Binders,iPhone 13,8,107.75,862.0,0.2,0.0
ORD-1003,04/01/2023,09/01/2023,First Class,CUST-1003,Alice Johnson,Consumer,Central,Furniture,Binders,Steel Cabinet,8,153.65,1229.2,0.1,122.92
ORD-1004,05/01/2023,08/01/2023,First Class,CUST-1004,Jane Smith,Corporate,West,Technology,Binders,Steel Cabinet,6,82.21,493.26,0.1,49.33
ORD-1005,06/01/2023,11/01/2023,Same Day,CUST-1005,John Doe,Home Office,East,Technology,Accessories,Executive Chair,7,344.53,2411.71,0.0,482.34
ORD-1006,07/01/2023,11/01/2023,Standard Class,CUST-1006,Jane Smith,Consumer,East,Technology,Accessories,iPhone 13,6,473.11,2838.66,0.2,0.0
ORD-1007,08/01/2023,14/01/2023,Standard Class,CUST-1007,Jane Smith,Consumer,Central,Furniture,Chairs,Mouse Pad,9,149.1,1341.9,0.3,-134.19
ORD-1008,09/01/2023,11/01/2023,First Class,CUST-1008,Alice Johnson,Home Office,South,Furniture,Binders,iPhone 13,3,248.2,744.6,0.2,0.0
ORD-1009,10/01/2023,16/01/2023,Second Class,CUST-1009,Jane Smith,Corporate,Central,Technology,Storage,Steel Cabinet,3,324.48,973.44,0.1,97.34
ORD-1010,11/01/2023,12/01/2023,First Class,CUST-1010,Jane Smith,Corporate,South,Office Supplies,Tables,Mouse Pad,3,499.74,1499.22,0.3,-149.92
ORD-1011,12/01/2023,18/01/2023,First Class,CUST-1011,Alice Johnson,Corporate,South,Technology,Phones,Ring Binder,3,70.31,210.93,0.2,0.0
ORD-1012,13/01/2023,16/01/2023,First Class,CUST-1012,Jane Smith,Consumer,East,Office Supplies,Storage,Executive Chair,9,259.31,2333.79,0.1,233.38
ORD-1013,14/01/2023,19/01/2023,First Class,CUST-1013,Jane Smith,Consumer,Central,Office Supplies,Accessories,Steel Cabinet,4,204.86,819.44,0.1,81.94
ORD-1014,15/01/2023,20/01/2023,Same Day,CUST-1014,Jane Smith,Consumer,Central,Technology,Accessories,Conference Table,7,435.59,3049.13,0.0,609.83
ORD-1015,16/01/2023,22/01/2023,Standard Class,CUST-1015,John Doe,Consumer,South,Technology,Storage,Conference Table,9,248.46,2236.14,0.0,447.23
ORD-1016,17/01/2023,19/01/2023,Same Day,CUST-1016,John Doe,Corporate,Central,Technology,Accessories,Executive Chair,7,73.27,512.89,0.0,102.58
ORD-1017,18/01/2023,20/01/2023,Same Day,CUST-1017,John Doe,Home Office,West,Furniture,Binders,Ring Binder,9,324.52,2920.68,0.1,292.07
ORD-1018,19/01/2023,22/01/2023,Same Day,CUST-1018,Alice Johnson,Consumer,West,Office Supplies,Chairs,Steel Cabinet,3,389.97,1169.91,0.2,0.0
ORD-1019,20/01/2023,21/01/2023,First Class,CUST-1019,Carol White,Consumer,Central,Furniture,Tables,iPhone 13,4,21.38,85.52,0.0,17.1
ORD-1020,21/01/2023,27/01/2023,Second Class,CUST-1020,Jane Smith,Corporate,Central,Furniture,Chairs,Executive Chair,8,432.3,3458.4,0.2,0.0
ORD-1021,22/01/2023,27/01/2023,Standard Class,CUST-1021,Jane Smith,Home Office,South,Technology,Tables,Ring Binder,6,109.29,655.74,0.0,131.15
ORD-1022,23/01/2023,29/01/2023,Second Class,CUST-1022,Alice Johnson,Home Office,West,Furniture,Tables,iPhone 13,5,284.99,1424.95,0.3,-142.49
ORD-1023,24/01/2023,27/01/2023,Same Day,CUST-1023,Jane Smith,Corporate,West,Technology,Chairs,Conference Table,4,219.58,878.32,0.3,-87.83
ORD-1024,25/01/2023,29/01/2023,Same Day,CUST-1024,John Doe,Corporate,East,Office Supplies,Storage,Conference Table,8,365.43,2923.44,0.0,584.69
ORD-1025,26/01/2023,30/01/2023,Second Class,CUST-1025,Carol White,Home Office,South,Technology,Tables,iPhone 13,1,198.16,198.16,0.1,19.82
ORD-1026,27/01/2023,30/01/2023,Second Class,CUST-1026,Bob Lee,Consumer,East,Furniture,Chairs,Executive Chair,9,437.49,3937.41,0.0,787.48
ORD-1027,28/01/2023,02/02/2023,Second Class,CUST-1027,Jane Smith,Home Office,West,Furniture,Tables,Conference Table,1,370.64,370.64,0.0,74.13
ORD-1028,29/01/2023,01/02/2023,Same Day,CUST-1028,John Doe,Corporate,South,Technology,Phones,Steel Cabinet,8,330.9,2647.2,0.1,264.72
ORD-1029,30/01/2023,04/02/2023,Same Day,CUST-1029,Bob Lee,Consumer,Central,Technology,Storage,Mouse Pad,4,402.2,1608.8,0.3,-160.88
ORD-1030,31/01/2023,02/02/2023,Standard Class,CUST-1030,Carol White,Consumer,South,Furniture,Binders,iPhone 13,9,381.93,3437.37,0.2,0.0
ORD-1031,01/02/2023,04/02/2023,Standard Class,CUST-1031,Bob Lee,Corporate,Central,Office Supplies,Tables,iPhone 13,5,37.25,186.25,0.0,37.25
ORD-1032,02/02/2023,07/02/2023,Same Day,CUST-1032,John Doe,Corporate,Central,Office Supplies,Phones,Conference Table,3,209.47,628.41,0.1,62.84
ORD-1033,03/02/2023,06/02/2023,Second Class,CUST-1033,Bob Lee,Corporate,South,Technology,Binders,Executive Chair,9,466.79,4201.11,0.0,840.22
ORD-1034,04/02/2023,07/02/2023,Second Class,CUST-1034,Alice Johnson,Home Office,Central,Office Supplies,Binders,Steel Cabinet,9,80.35,723.15,0.1,72.32
ORD-1035,05/02/2023,10/02/2023,Standard Class,CUST-1035,Bob Lee,Home Office,East,Furniture,Tables,Executive Chair,4,373.81,1495.24,0.2,0.0
ORD-1036,06/02/2023,11/02/2023,Same Day,CUST-1036,Jane Smith,Consumer,West,Technology,Chairs,Ring Binder,4,487.8,1951.2,0.2,0.0
ORD-1037,07/02/2023,08/02/2023,Standard Class,CUST-1037,Jane Smith,Corporate,Central,Furniture,Tables,Ring Binder,8,45.06,360.48,0.3,-36.05
ORD-1038,08/02/2023,11/02/2023,Standard Class,CUST-1038,Alice Johnson,Consumer,East,Furniture,Phones,Mouse Pad,2,347.45,694.9,0.1,69.49
ORD-1039,09/02/2023,13/02/2023,First Class,CUST-1039,John Doe,Consumer,Central,Office Supplies,Binders,Conference Table,9,244.71,2202.39,0.1,220.24
ORD-1040,10/02/2023,13/02/2023,First Class,CUST-1040,Jane Smith,Consumer,West,Technology,Tables,Conference Table,6,298.0,1788.0,0.3,-178.8
ORD-1041,11/02/2023,14/02/2023,First Class,CUST-1041,Carol White,Consumer,East,Technology,Chairs,Conference Table,9,60.96,548.64,0.3,-54.86
ORD-1042,12/02/2023,17/02/2023,Second Class,CUST-1042,Jane Smith,Corporate,West,Office Supplies,Tables,Mouse Pad,8,40.64,325.12,0.1,32.51
ORD-1043,13/02/2023,16/02/2023,Same Day,CUST-1043,Jane Smith,Consumer,West,Furniture,Storage,Ring Binder,7,340.1,2380.7,0.3,-238.07
ORD-1044,14/02/2023,20/02/2023,Same Day,CUST-1044,John Doe,Corporate,East,Furniture,Chairs,Executive Chair,1,415.19,415.19,0.2,0.0
ORD-1045,15/02/2023,18/02/2023,Same Day,CUST-1045,Bob Lee,Corporate,East,Furniture,Phones,Mouse Pad,3,395.37,1186.11,0.0,237.22
ORD-1046,16/02/2023,22/02/2023,Same Day,CUST-1046,Jane Smith,Home Office,East,Furniture,Binders,Mouse Pad,2,281.03,562.06,0.2,0.0
ORD-1047,17/02/2023,21/02/2023,First Class,CUST-1047,Alice Johnson,Corporate,South,Technology,Tables,Executive Chair,5,67.94,339.7,0.3,-33.97
ORD-1048,18/02/2023,23/02/2023,Second Class,CUST-1048,Bob Lee,Home Office,East,Technology,Chairs,Conference Table,5,350.26,1751.3,0.1,175.13
ORD-1049,19/02/2023,22/02/2023,Second Class,CUST-1049,Carol White,Corporate,East,Office Supplies,Storage,Steel Cabinet,5,136.11,680.55,0.1,68.05
ORD-1050,20/02/2023,26/02/2023,First Class,CUST-1050,John Doe,Corporate,East,Office Supplies,Chairs,Executive Chair,4,457.31,1829.24,0.2,0.0
ORD-1051,21/02/2023,27/02/2023,Second Class,CUST-1051,Carol White,Corporate,East,Technology,Accessories,Ring Binder,5,422.37,2111.85,0.1,211.18
ORD-1052,22/02/2023,28/02/2023,First Class,CUST-1052,Bob Lee,Home Office,Central,Technology,Storage,iPhone 13,3,360.5,1081.5,0.3,-108.15
ORD-1053,23/02/2023,25/02/2023,Same Day,CUST-1053,Bob Lee,Home Office,South,Furniture,Phones,iPhone 13,1,475.45,475.45,0.2,0.0
ORD-1054,24/02/2023,25/02/2023,First Class,CUST-1054,Bob Lee,Consumer,West,Furniture,Binders,Mouse Pad,5,35.08,175.4,0.1,17.54
ORD-1055,25/02/2023,01/03/2023,Same Day,CUST-1055,Carol White,Home Office,East,Office Supplies,Phones,iPhone 13,9,373.38,3360.42,0.0,672.08
ORD-1056,26/02/2023,01/03/2023,Same Day,CUST-1056,Bob Lee,Home Office,Central,Technology,Tables,Steel Cabinet,9,178.52,1606.68,0.0,321.34
ORD-1057,27/02/2023,01/03/2023,Standard Class,CUST-1057,Carol White,Home Office,Central,Office Supplies,Chairs,Conference Table,4,454.91,1819.64,0.3,-181.96
ORD-1058,28/02/2023,03/03/2023,First Class,CUST-1058,Bob Lee,Home Office,Central,Technology,Accessories,Ring Binder,3,148.0,444.0,0.1,44.4
ORD-1059,01/03/2023,04/03/2023,Standard Class,CUST-1059,Alice Johnson,Consumer,West,Furniture,Storage,Steel Cabinet,1,367.93,367.93,0.3,-36.79
ORD-1060,02/03/2023,07/03/2023,First Class,CUST-1060,Bob Lee,Home Office,East,Office Supplies,Storage,Ring Binder,2,441.27,882.54,0.2,0.0
ORD-1061,03/03/2023,08/03/2023,First Class,CUST-1061,Carol White,Corporate,South,Office Supplies,Chairs,Ring Binder,8,40.0,320.0,0.0,64.0
ORD-1062,04/03/2023,09/03/2023,Standard Class,CUST-1062,Jane Smith,Corporate,South,Technology,Accessories,Conference Table,1,210.87,210.87,0.2,0.0
ORD-1063,05/03/2023,07/03/2023,Standard Class,CUST-1063,Bob Lee,Home Office,Central,Furniture,Chairs,Mouse Pad,8,385.91,3087.28,0.1,308.73
ORD-1064,06/03/2023,09/03/2023,First Class,CUST-1064,Jane Smith,Home Office,West,Office Supplies,Tables,iPhone 13,7,238.36,1668.52,0.3,-166.85
ORD-1065,07/03/2023,08/03/2023,Second Class,CUST-1065,Alice Johnson,Corporate,West,Furniture,Phones,Conference Table,8,148.28,1186.24,0.3,-118.62
ORD-1066,08/03/2023,12/03/2023,Same Day,CUST-1066,John Doe,Corporate,West,Office Supplies,Storage,Steel Cabinet,6,125.51,753.06,0.3,-75.31
ORD-1067,09/03/2023,14/03/2023,Standard Class,CUST-1067,Alice Johnson,Consumer,South,Furniture,Tables,Mouse Pad,9,83.13,748.17,0.2,0.0
ORD-1068,10/03/2023,15/03/2023,Same Day,CUST-1068,Bob Lee,Corporate,Central,Technology,Phones,Steel Cabinet,3,431.42,1294.26,0.0,258.85
ORD-1069,11/03/2023,14/03/2023,Second Class,CUST-1069,Jane Smith,Corporate,East,Office Supplies,Tables,Mouse Pad,4,296.17,1184.68,0.2,0.0
ORD-1070,12/03/2023,15/03/2023,Second Class,CUST-1070,Jane Smith,Home Office,South,Office Supplies,Accessories,Steel Cabinet,6,56.66,339.96,0.2,0.0
ORD-1071,13/03/2023,15/03/2023,Second Class,CUST-1071,Carol White,Corporate,Central,Furniture,Storage,Conference Table,8,203.64,1629.12,0.1,162.91
ORD-1072,14/03/2023,16/03/2023,Standard Class,CUST-1072,Jane Smith,Consumer,Central,Furniture,Chairs,Mouse Pad,5,196.51,982.55,0.1,98.26
ORD-1073,15/03/2023,20/03/2023,Second Class,CUST-1073,Carol White,Corporate,East,Office Supplies,Chairs,Mouse Pad,3,107.23,321.69,0.1,32.17
ORD-1074,16/03/2023,19/03/2023,Standard Class,CUST-1074,John Doe,Home Office,East,Technology,Phones,Ring Binder,6,229.04,1374.24,0.0,274.85
ORD-1075,17/03/2023,18/03/2023,Second Class,CUST-1075,Bob Lee,Home Office,East,Furniture,Binders,Ring Binder,4,179.41,717.64,0.0,143.53
ORD-1076,18/03/2023,22/03/2023,Same Day,CUST-1076,Carol White,Corporate,West,Furniture,Accessories,Executive Chair,9,184.07,1656.63,0.1,165.66
ORD-1077,19/03/2023,22/03/2023,Same Day,CUST-1077,John Doe,Home Office,East,Furniture,Phones,Steel Cabinet,3,374.73,1124.19,0.1,112.42
ORD-1078,20/03/2023,23/03/2023,First Class,CUST-1078,Jane Smith,Consumer,Central,Office Supplies,Binders,Ring Binder,4,127.17,508.68,0.0,101.74
ORD-1079,21/03/2023,27/03/2023,Same Day,CUST-1079,Jane Smith,Consumer,East,Office Supplies,Tables,Executive Chair,7,328.09,2296.63,0.3,-229.66
ORD-1080,22/03/2023,24/03/2023,First Class,CUST-1080,John Doe,Corporate,Central,Office Supplies,Accessories,Ring Binder,7,293.91,2057.37,0.0,411.47
ORD-1081,23/03/2023,27/03/2023,Same Day,CUST-1081,Jane Smith,Corporate,South,Office Supplies,Tables,Steel Cabinet,4,292.68,1170.72,0.0,234.14
ORD-1082,24/03/2023,29/03/2023,Standard Class,CUST-1082,John Doe,Corporate,West,Technology,Storage,Mouse Pad,6,338.24,2029.44,0.0,405.89
ORD-1083,25/03/2023,28/03/2023,Same Day,CUST-1083,Carol White,Home Office,South,Technology,Accessories,iPhone 13,3,283.22,849.66,0.1,84.97
ORD-1084,26/03/2023,31/03/2023,First Class,CUST-1084,Carol White,Consumer,South,Office Supplies,Binders,Steel Cabinet,6,442.04,2652.24,0.3,-265.22
ORD-1085,27/03/2023,30/03/2023,First Class,CUST-1085,John Doe,Consumer,Central,Technology,Storage,Conference Table,2,344.28,688.56,0.0,137.71
ORD-1086,28/03/2023,02/04/2023,Second Class,CUST-1086,Carol White,Home Office,South,Furniture,Chairs,Ring Binder,8,282.54,2260.32,0.1,226.03
ORD-1087,29/03/2023,02/04/2023,Standard Class,CUST-1087,Carol White,Consumer,Central,Furniture,Binders,Ring Binder,2,418.29,836.58,0.2,0.0
ORD-1088,30/03/2023,01/04/2023,Same Day,CUST-1088,Carol White,Corporate,East,Furniture,Phones,Mouse Pad,7,310.95,2176.65,0.2,0.0
ORD-1089,31/03/2023,04/04/2023,Second Class,CUST-1089,Alice Johnson,Corporate,East,Office Supplies,Chairs,Conference Table,9,159.75,1437.75,0.0,287.55
ORD-1090,01/04/2023,07/04/2023,Same Day,CUST-1090,Bob Lee,Corporate,Central,Furniture,Chairs,Mouse Pad,1,119.41,119.41,0.2,0.0
ORD-1091,02/04/2023,03/04/2023,Same Day,CUST-1091,Jane Smith,Consumer,East,Technology,Phones,Conference Table,8,93.12,744.96,0.3,-74.5
ORD-1092,03/04/2023,05/04/2023,Second Class,CUST-1092,Alice Johnson,Corporate,West,Office Supplies,Accessories,iPhone 13,7,451.74,3162.18,0.2,0.0
ORD-1093,04/04/2023,08/04/2023,Second Class,CUST-1093,Carol White,Home Office,South,Technology,Chairs,Ring Binder,6,360.87,2165.22,0.2,0.0
ORD-1094,05/04/2023,11/04/2023,Second Class,CUST-1094,John Doe,Home Office,West,Furniture,Binders,Ring Binder,6,469.94,2819.64,0.3,-281.96
ORD-1095,06/04/2023,07/04/2023,Second Class,CUST-1095,Carol White,Consumer,South,Furniture,Storage,iPhone 13,6,309.58,1857.48,0.0,371.5
ORD-1096,07/04/2023,13/04/2023,Second Class,CUST-1096,Bob Lee,Home Office,East,Furniture,Chairs,Executive Chair,9,247.23,2225.07,0.0,445.01
ORD-1097,08/04/2023,11/04/2023,Same Day,CUST-1097,Carol White,Home Office,West,Office Supplies,Binders,Mouse Pad,2,48.66,97.32,0.3,-9.73
ORD-1098,09/04/2023,12/04/2023,Second Class,CUST-1098,John Doe,Consumer,East,Technology,Tables,iPhone 13,1,342.39,342.39,0.3,-34.24
ORD-1099,10/04/2023,15/04/2023,Standard Class,CUST-1099,Bob Lee,Corporate,South,Office Supplies,Binders,Mouse Pad,6,299.46,1796.76,0.3,-179.68
ORD-1100,11/04/2023,13/04/2023,First Class,CUST-1100,Carol White,Corporate,Central,Office Supplies,Storage,Steel Cabinet,8,495.3,3962.4,0.2,0.0
ORD-1101,12/04/2023,15/04/2023,Second Class,CUST-1101,Bob Lee,Corporate,Central,Furniture,Binders,Ring Binder,3,134.8,404.4,0.3,-40.44
ORD-1102,13/04/2023,19/04/2023,Second Class,CUST-1102,Jane Smith,Consumer,West,Office Supplies,Phones,Mouse Pad,1,274.75,274.75,0.1,27.48
ORD-1103,14/04/2023,16/04/2023,Same Day,CUST-1103,Jane Smith,Home Office,East,Office Supplies,Storage,Conference Table,9,332.46,2992.14,0.2,0.0
ORD-1104,15/04/2023,18/04/2023,Second Class,CUST-1104,Carol White,Corporate,East,Furniture,Accessories,Mouse Pad,1,329.4,329.4,0.0,65.88
ORD-1105,16/04/2023,21/04/2023,Second Class,CUST-1105,Bob Lee,Corporate,West,Office Supplies,Tables,Steel Cabinet,3,289.42,868.26,0.0,173.65
ORD-1106,17/04/2023,21/04/2023,Second Class,CUST-1106,John Doe,Consumer,Central,Furniture,Phones,Ring Binder,8,392.93,3143.44,0.0,628.69
ORD-1107,18/04/2023,23/04/2023,Same Day,CUST-1107,Carol White,Corporate,South,Furniture,Accessories,iPhone 13,3,118.39,355.17,0.2,0.0
ORD-1108,19/04/2023,20/04/2023,Second Class,CUST-1108,Jane Smith,Consumer,West,Furniture,Binders,Steel Cabinet,4,368.3,1473.2,0.1,147.32
ORD-1109,20/04/2023,23/04/2023,First Class,CUST-1109,Jane Smith,Home Office,South,Furniture,Storage,Ring Binder,8,317.47,2539.76,0.3,-253.98
ORD-1110,21/04/2023,22/04/2023,Same Day,CUST-1110,Carol White,Consumer,Central,Office Supplies,Tables,Mouse Pad,1,450.12,450.12,0.3,-45.01
ORD-1111,22/04/2023,23/04/2023,First Class,CUST-1111,Bob Lee,Consumer,East,Furniture,Phones,Executive Chair,6,426.65,2559.9,0.0,511.98
ORD-1112,23/04/2023,29/04/2023,Same Day,CUST-1112,Jane Smith,Consumer,Central,Furniture,Accessories,Executive Chair,1,171.27,171.27,0.0,34.25
ORD-1113,24/04/2023,26/04/2023,Second Class,CUST-1113,Bob Lee,Consumer,West,Office Supplies,Accessories,Conference Table,1,152.59,152.59,0.2,0.0
ORD-1114,25/04/2023,01/05/2023,First Class,CUST-1114,Jane Smith,Home Office,East,Office Supplies,Tables,Ring Binder,8,491.19,3929.52,0.1,392.95
ORD-1115,26/04/2023,29/04/2023,Same Day,CUST-1115,Jane Smith,Home Office,West,Technology,Binders,Executive Chair,4,273.09,1092.36,0.3,-109.24
ORD-1116,27/04/2023,28/04/2023,Standard Class,CUST-1116,Alice Johnson,Corporate,West,Office Supplies,Tables,iPhone 13,1,455.08,455.08,0.2,0.0
ORD-1117,28/04/2023,02/05/2023,Second Class,CUST-1117,Jane Smith,Home Office,Central,Office Supplies,Accessories,Ring Binder,7,98.66,690.62,0.3,-69.06
ORD-1118,29/04/2023,30/04/2023,Same Day,CUST-1118,John Doe,Home Office,West,Technology,Chairs,iPhone 13,5,328.55,1642.75,0.0,328.55
ORD-1119,30/04/2023,04/05/2023,Standard Class,CUST-1119,Carol White,Corporate,Central,Office Supplies,Phones,iPhone 13,5,408.73,2043.65,0.3,-204.36
ORD-1120,01/05/2023,07/05/2023,Same Day,CUST-1120,Carol White,Home Office,East,Office Supplies,Tables,Executive Chair,1,474.75,474.75,0.1,47.48
ORD-1121,02/05/2023,08/05/2023,Standard Class,CUST-1121,Bob Lee,Consumer,Central,Office Supplies,Accessories,Ring Binder,6,181.92,1091.52,0.1,109.15
ORD-1122,03/05/2023,05/05/2023,Second Class,CUST-1122,Jane Smith,Consumer,East,Office Supplies,Binders,Mouse Pad,9,367.99,3311.91,0.0,662.38
ORD-1123,04/05/2023,05/05/2023,First Class,CUST-1123,John Doe,Corporate,Central,Technology,Accessories,Steel Cabinet,9,278.63,2507.67,0.1,250.77
ORD-1124,05/05/2023,10/05/2023,Standard Class,CUST-1124,Bob Lee,Corporate,South,Office Supplies,Binders,Executive Chair,8,49.1,392.8,0.1,39.28
ORD-1125,06/05/2023,12/05/2023,Same Day,CUST-1125,Alice Johnson,Corporate,South,Office Supplies,Tables,Executive Chair,5,351.2,1756.0,0.2,0.0
ORD-1126,07/05/2023,13/05/2023,Second Class,CUST-1126,Bob Lee,Consumer,West,Technology,Binders,Mouse Pad,1,351.25,351.25,0.3,-35.12
ORD-1127,08/05/2023,10/05/2023,Standard Class,CUST-1127,Bob Lee,Home Office,Central,Furniture,Storage,Ring Binder,9,466.69,4200.21,0.0,840.04
ORD-1128,09/05/2023,13/05/2023,Same Day,CUST-1128,Jane Smith,Consumer,Central,Technology,Storage,Ring Binder,1,258.71,258.71,0.0,51.74
ORD-1129,10/05/2023,12/05/2023,Same Day,CUST-1129,Alice Johnson,Corporate,East,Furniture,Storage,iPhone 13,8,130.52,1044.16,0.0,208.83
ORD-1130,11/05/2023,12/05/2023,Same Day,CUST-1130,Bob Lee,Home Office,West,Technology,Chairs,Mouse Pad,5,41.39,206.95,0.0,41.39
ORD-1131,12/05/2023,15/05/2023,Standard Class,CUST-1131,John Doe,Home Office,Central,Technology,Tables,Mouse Pad,3,219.51,658.53,0.0,131.71
ORD-1132,13/05/2023,16/05/2023,Standard Class,CUST-1132,John Doe,Consumer,West,Office Supplies,Accessories,Ring Binder,7,164.92,1154.44,0.1,115.44
ORD-1133,14/05/2023,18/05/2023,Standard Class,CUST-1133,Carol White,Corporate,South,Furniture,Accessories,iPhone 13,7,385.32,2697.24,0.2,0.0
ORD-1134,15/05/2023,21/05/2023,First Class,CUST-1134,Alice Johnson,Consumer,Central,Office Supplies,Chairs,Executive Chair,9,190.05,1710.45,0.0,342.09
ORD-1135,16/05/2023,20/05/2023,Standard Class,CUST-1135,Alice Johnson,Home Office,Central,Furniture,Binders,Conference Table,7,475.55,3328.85,0.2,0.0
ORD-1136,17/05/2023,23/05/2023,Standard Class,CUST-1136,Carol White,Consumer,West,Technology,Chairs,Steel Cabinet,3,481.91,1445.73,0.2,0.0
ORD-1137,18/05/2023,24/05/2023,Standard Class,CUST-1137,Bob Lee,Consumer,Central,Technology,Binders,Executive Chair,1,318.04,318.04,0.1,31.8
ORD-1138,19/05/2023,22/05/2023,First Class,CUST-1138,Alice Johnson,Corporate,West,Furniture,Binders,Ring Binder,8,465.76,3726.08,0.0,745.22
ORD-1139,20/05/2023,24/05/2023,Standard Class,CUST-1139,John Doe,Corporate,Central,Office Supplies,Phones,Steel Cabinet,3,385.21,1155.63,0.1,115.56
ORD-1140,21/05/2023,23/05/2023,Same Day,CUST-1140,John Doe,Home Office,East,Office Supplies,Accessories,Conference Table,8,282.49,2259.92,0.0,451.98
ORD-1141,22/05/2023,28/05/2023,Standard Class,CUST-1141,Jane Smith,Consumer,West,Office Supplies,Storage,Conference Table,8,106.55,852.4,0.1,85.24
ORD-1142,23/05/2023,28/05/2023,Same Day,CUST-1142,Alice Johnson,Consumer,Central,Office Supplies,Binders,iPhone 13,5,240.13,1200.65,0.2,0.0
ORD-1143,24/05/2023,29/05/2023,Same Day,CUST-1143,Bob Lee,Consumer,South,Technology,Phones,Steel Cabinet,1,289.22,289.22,0.0,57.84
ORD-1144,25/05/2023,27/05/2023,Same Day,CUST-1144,Carol White,Home Office,Central,Technology,Accessories,iPhone 13,7,434.7,3042.9,0.3,-304.29
ORD-1145,26/05/2023,31/05/2023,First Class,CUST-1145,Carol White,Home Office,South,Technology,Storage,Executive Chair,5,251.04,1255.2,0.2,0.0
ORD-1146,27/05/2023,28/05/2023,First Class,CUST-1146,Bob Lee,Corporate,South,Technology,Binders,Mouse Pad,8,450.88,3607.04,0.3,-360.7
ORD-1147,28/05/2023,03/06/2023,First Class,CUST-1147,Jane Smith,Corporate,East,Technology,Binders,Mouse Pad,9,343.69,3093.21,0.2,0.0
ORD-1148,29/05/2023,31/05/2023,Standard Class,CUST-1148,Carol White,Corporate,West,Office Supplies,Chairs,Mouse Pad,7,85.76,600.32,0.1,60.03
ORD-1149,30/05/2023,03/06/2023,Same Day,CUST-1149,Alice Johnson,Consumer,Central,Office Supplies,Chairs,Steel Cabinet,7,497.59,3483.13,0.0,696.63
ORD-1150,31/05/2023,06/06/2023,First Class,CUST-1150,Jane Smith,Consumer,East,Office Supplies,Accessories,Mouse Pad,1,273.07,273.07,0.2,0.0
ORD-1151,01/06/2023,03/06/2023,First Class,CUST-1151,Alice Johnson,Corporate,Central,Office Supplies,Storage,Executive Chair,4,208.09,832.36,0.1,83.24
ORD-1152,02/06/2023,05/06/2023,Standard Class,CUST-1152,John Doe,Consumer,South,Technology,Binders,iPhone 13,2,336.37,672.74,0.0,134.55
ORD-1153,03/06/2023,07/06/2023,First Class,CUST-1153,Jane Smith,Corporate,West,Technology,Accessories,Steel Cabinet,2,72.27,144.54,0.0,28.91
ORD-1154,04/06/2023,07/06/2023,Standard Class,CUST-1154,Carol White,Home Office,Central,Technology,Accessories,iPhone 13,2,325.54,651.08,0.2,0.0
ORD-1155,05/06/2023,11/06/2023,Second Class,CUST-1155,Jane Smith,Corporate,Central,Furniture,Tables,Steel Cabinet,4,259.15,1036.6,0.0,207.32
ORD-1156,06/06/2023,10/06/2023,First Class,CUST-1156,Jane Smith,Home Office,South,Office Supplies,Chairs,iPhone 13,1,215.2,215.2,0.2,0.0
ORD-1157,07/06/2023,12/06/2023,Second Class,CUST-1157,Jane Smith,Consumer,Central,Office Supplies,Storage,Conference Table,4,477.45,1909.8,0.0,381.96
ORD-1158,08/06/2023,10/06/2023,Standard Class,CUST-1158,Jane Smith,Corporate,Central,Technology,Binders,iPhone 13,2,270.82,541.64,0.3,-54.16
ORD-1159,09/06/2023,15/06/2023,Same Day,CUST-1159,Alice Johnson,Consumer,South,Office Supplies,Accessories,Mouse Pad,5,125.18,625.9,0.1,62.59
ORD-1160,10/06/2023,11/06/2023,First Class,CUST-1160,John Doe,Home Office,East,Office Supplies,Binders,Conference Table,3,240.3,720.9,0.3,-72.09
ORD-1161,11/06/2023,15/06/2023,Standard Class,CUST-1161,Bob Lee,Home Office,South,Technology,Tables,iPhone 13,8,461.31,3690.48,0.2,0.0
ORD-1162,12/06/2023,16/06/2023,Same Day,CUST-1162,Jane Smith,Home Office,East,Furniture,Storage,Steel Cabinet,4,104.53,418.12,0.3,-41.81
ORD-1163,13/06/2023,19/06/2023,Same Day,CUST-1163,Carol White,Consumer,West,Furniture,Accessories,Steel Cabinet,1,122.7,122.7,0.2,0.0
ORD-1164,14/06/2023,20/06/2023,Second Class,CUST-1164,Jane Smith,Consumer,East,Furniture,Binders,Steel Cabinet,1,26.25,26.25,0.0,5.25
ORD-1165,15/06/2023,18/06/2023,Standard Class,CUST-1165,Carol White,Consumer,East,Technology,Chairs,Ring Binder,3,26.81,80.43,0.0,16.09
ORD-1166,16/06/2023,21/06/2023,Same Day,CUST-1166,Alice Johnson,Consumer,West,Office Supplies,Tables,Executive Chair,9,418.11,3762.99,0.2,0.0
ORD-1167,17/06/2023,20/06/2023,First Class,CUST-1167,Carol White,Home Office,East,Technology,Storage,Steel Cabinet,7,371.42,2599.94,0.3,-259.99
ORD-1168,18/06/2023,21/06/2023,First Class,CUST-1168,Bob Lee,Home Office,South,Technology,Tables,Conference Table,2,190.42,380.84,0.0,76.17
ORD-1169,19/06/2023,24/06/2023,Second Class,CUST-1169,John Doe,Corporate,East,Office Supplies,Chairs,Steel Cabinet,9,355.19,3196.71,0.1,319.67
ORD-1170,20/06/2023,21/06/2023,Same Day,CUST-1170,Carol White,Corporate,West,Furniture,Storage,Ring Binder,2,209.7,419.4,0.0,83.88
ORD-1171,21/06/2023,24/06/2023,Standard Class,CUST-1171,Carol White,Consumer,South,Furniture,Tables,Mouse Pad,3,477.39,1432.17,0.1,143.22
ORD-1172,22/06/2023,25/06/2023,First Class,CUST-1172,John Doe,Home Office,West,Technology,Phones,Conference Table,2,484.19,968.38,0.3,-96.84
ORD-1173,23/06/2023,27/06/2023,Same Day,CUST-1173,Bob Lee,Home Office,West,Furniture,Chairs,Ring Binder,3,208.54,625.62,0.1,62.56
ORD-1174,24/06/2023,29/06/2023,Same Day,CUST-1174,Jane Smith,Home Office,Central,Technology,Chairs,Mouse Pad,6,430.03,2580.18,0.1,258.02
ORD-1175,25/06/2023,27/06/2023,Second Class,CUST-1175,Carol White,Corporate,Central,Technology,Chairs,Conference Table,9,391.08,3519.72,0.1,351.97
ORD-1176,26/06/2023,27/06/2023,First Class,CUST-1176,John Doe,Corporate,West,Office Supplies,Phones,iPhone 13,9,168.8,1519.2,0.1,151.92
ORD-1177,27/06/2023,28/06/2023,First Class,CUST-1177,Alice Johnson,Home Office,West,Office Supplies,Phones,Executive Chair,7,131.38,919.66,0.0,183.93
ORD-1178,28/06/2023,03/07/2023,Standard Class,CUST-1178,John Doe,Home Office,West,Office Supplies,Binders,Executive Chair,3,239.95,719.85,0.1,71.98
ORD-1179,29/06/2023,05/07/2023,First Class,CUST-1179,Alice Johnson,Home Office,Central,Technology,Accessories,Ring Binder,4,395.05,1580.2,0.0,316.04
ORD-1180,30/06/2023,06/07/2023,Standard Class,CUST-1180,Bob Lee,Corporate,Central,Office Supplies,Tables,Mouse Pad,6,480.88,2885.28,0.1,288.53
ORD-1181,01/07/2023,05/07/2023,First Class,CUST-1181,Jane Smith,Home Office,East,Furniture,Binders,Executive Chair,5,386.52,1932.6,0.2,0.0
ORD-1182,02/07/2023,06/07/2023,Second Class,CUST-1182,John Doe,Home Office,East,Furniture,Tables,Mouse Pad,2,430.5,861.0,0.3,-86.1
ORD-1183,03/07/2023,08/07/2023,First Class,CUST-1183,Carol White,Consumer,West,Technology,Accessories,Mouse Pad,6,309.47,1856.82,0.1,185.68
ORD-1184,04/07/2023,08/07/2023,Standard Class,CUST-1184,Bob Lee,Consumer,South,Technology,Phones,Ring Binder,3,421.0,1263.0,0.2,0.0
ORD-1185,05/07/2023,06/07/2023,Standard Class,CUST-1185,John Doe,Corporate,South,Office Supplies,Accessories,Ring Binder,8,396.52,3172.16,0.1,317.22
ORD-1186,06/07/2023,07/07/2023,Second Class,CUST-1186,Carol White,Home Office,Central,Technology,Phones,Ring Binder,2,200.95,401.9,0.1,40.19
ORD-1187,07/07/2023,09/07/2023,First Class,CUST-1187,John Doe,Home Office,Central,Technology,Accessories,Executive Chair,1,284.96,284.96,0.1,28.5
ORD-1188,08/07/2023,14/07/2023,First Class,CUST-1188,Alice Johnson,Consumer,Central,Furniture,Binders,Ring Binder,9,406.28,3656.52,0.2,0.0
ORD-1189,09/07/2023,14/07/2023,Second Class,CUST-1189,John Doe,Corporate,West,Furniture,Storage,Executive Chair,3,42.11,126.33,0.3,-12.63
ORD-1190,10/07/2023,13/07/2023,First Class,CUST-1190,John Doe,Consumer,South,Office Supplies,Binders,Ring Binder,1,407.88,407.88,0.2,0.0
ORD-1191,11/07/2023,17/07/2023,First Class,CUST-1191,John Doe,Consumer,East,Technology,Tables,Steel Cabinet,7,105.39,737.73,0.3,-73.77
ORD-1192,12/07/2023,15/07/2023,Standard Class,CUST-1192,Bob Lee,Consumer,West,Technology,Binders,Mouse Pad,5,267.05,1335.25,0.1,133.52
ORD-1193,13/07/2023,15/07/2023,First Class,CUST-1193,John Doe,Consumer,East,Furniture,Chairs,Ring Binder,5,407.97,2039.85,0.0,407.97
ORD-1194,14/07/2023,16/07/2023,First Class,CUST-1194,Carol White,Home Office,East,Technology,Tables,Conference Table,1,141.83,141.83,0.1,14.18
ORD-1195,15/07/2023,19/07/2023,Second Class,CUST-1195,Alice Johnson,Home Office,West,Furniture,Accessories,Mouse Pad,9,137.99,1241.91,0.3,-124.19
ORD-1196,16/07/2023,18/07/2023,Second Class,CUST-1196,Alice Johnson,Consumer,East,Office Supplies,Tables,Mouse Pad,7,213.33,1493.31,0.2,0.0
ORD-1197,17/07/2023,19/07/2023,Same Day,CUST-1197,John Doe,Corporate,South,Furniture,Storage,Ring Binder,8,449.43,3595.44,0.1,359.54
ORD-1198,18/07/2023,21/07/2023,Standard Class,CUST-1198,Bob Lee,Corporate,East,Technology,Phones,iPhone 13,9,20.21,181.89,0.2,0.0
ORD-1199,19/07/2023,23/07/2023,First Class,CUST-1199,Bob Lee,Corporate,South,Office Supplies,Accessories,Ring Binder,6,452.66,2715.96,0.2,0.0
ORD-1200,20/07/2023,22/07/2023,First Class,CUST-1200,Carol White,Corporate,South,Furniture,Tables,Mouse Pad,5,93.83,469.15,0.2,0.0
ORD-1201,21/07/2023,27/07/2023,Same Day,CUST-1201,John Doe,Consumer,South,Furniture,Accessories,Conference Table,6,495.24,2971.44,0.1,297.14
ORD-1202,22/07/2023,24/07/2023,First Class,CUST-1202,Alice Johnson,Home Office,Central,Office Supplies,Accessories,Mouse Pad,2,478.33,956.66,0.2,0.0
ORD-1203,23/07/2023,27/07/2023,Standard Class,CUST-1203,Bob Lee,Corporate,East,Office Supplies,Accessories,Conference Table,4,257.44,1029.76,0.2,0.0
ORD-1204,24/07/2023,29/07/2023,Same Day,CUST-1204,John Doe,Consumer,West,Furniture,Phones,Executive Chair,3,266.11,798.33,0.1,79.83
ORD-1205,25/07/2023,29/07/2023,Standard Class,CUST-1205,Bob Lee,Corporate,West,Technology,Binders,Steel Cabinet,7,251.14,1757.98,0.2,0.0
ORD-1206,26/07/2023,29/07/2023,Same Day,CUST-1206,Bob Lee,Corporate,East,Furniture,Accessories,Mouse Pad,9,325.01,2925.09,0.1,292.51
ORD-1207,27/07/2023,01/08/2023,Same Day,CUST-1207,Alice Johnson,Consumer,Central,Office Supplies,Chairs,Ring Binder,5,63.55,317.75,0.3,-31.77
ORD-1208,28/07/2023,03/08/2023,Second Class,CUST-1208,Jane Smith,Home Office,Central,Furniture,Storage,Executive Chair,6,35.66,213.96,0.3,-21.4
ORD-1209,29/07/2023,30/07/2023,Standard Class,CUST-1209,Carol White,Home Office,South,Office Supplies,Phones,Steel Cabinet,2,47.7,95.4,0.3,-9.54
ORD-1210,30/07/2023,03/08/2023,First Class,CUST-1210,Carol White,Consumer,East,Office Supplies,Tables,Ring Binder,3,233.3,699.9,0.2,0.0
ORD-1211,31/07/2023,03/08/2023,First Class,CUST-1211,Alice Johnson,Home Office,East,Technology,Phones,iPhone 13,3,152.26,456.78,0.0,91.36
ORD-1212,01/08/2023,07/08/2023,Standard Class,CUST-1212,Bob Lee,Consumer,West,Office Supplies,Tables,Ring Binder,9,318.58,2867.22,0.0,573.44
ORD-1213,02/08/2023,07/08/2023,First Class,CUST-1213,John Doe,Consumer,East,Office Supplies,Phones,Conference Table,7,496.37,3474.59,0.2,0.0
ORD-1214,03/08/2023,09/08/2023,First Class,CUST-1214,Bob Lee,Consumer,Central,Technology,Tables,Conference Table,8,205.44,1643.52,0.0,328.7
ORD-1215,04/08/2023,08/08/2023,Standard Class,CUST-1215,Alice Johnson,Home Office,East,Office Supplies,Accessories,iPhone 13,9,295.44,2658.96,0.1,265.9
ORD-1216,05/08/2023,07/08/2023,Same Day,CUST-1216,Carol White,Consumer,West,Technology,Binders,Executive Chair,6,219.49,1316.94,0.0,263.39
ORD-1217,06/08/2023,10/08/2023,Standard Class,CUST-1217,Bob Lee,Corporate,South,Technology,Tables,Steel Cabinet,4,426.69,1706.76,0.2,0.0
ORD-1218,07/08/2023,08/08/2023,Same Day,CUST-1218,Carol White,Home Office,West,Office Supplies,Tables,Ring Binder,1,453.07,453.07,0.2,0.0
ORD-1219,08/08/2023,12/08/2023,First Class,CUST-1219,John Doe,Home Office,West,Office Supplies,Chairs,Conference Table,8,441.13,3529.04,0.1,352.9
ORD-1220,09/08/2023,14/08/2023,First Class,CUST-1220,Carol White,Home Office,South,Furniture,Tables,Executive Chair,7,487.7,3413.9,0.3,-341.39
ORD-1221,10/08/2023,15/08/2023,First Class,CUST-1221,Carol White,Home Office,West,Technology,Chairs,iPhone 13,2,33.21,66.42,0.2,0.0
ORD-1222,11/08/2023,15/08/2023,Second Class,CUST-1222,Jane Smith,Corporate,West,Furniture,Storage,Mouse Pad,8,423.11,3384.88,0.1,338.49
ORD-1223,12/08/2023,17/08/2023,Same Day,CUST-1223,Jane Smith,Home Office,East,Office Supplies,Accessories,Conference Table,5,380.85,1904.25,0.0,380.85
ORD-1224,13/08/2023,15/08/2023,Second Class,CUST-1224,Jane Smith,Home Office,East,Furniture,Chairs,iPhone 13,7,129.77,908.39,0.0,181.68
ORD-1225,14/08/2023,20/08/2023,Second Class,CUST-1225,Carol White,Consumer,South,Technology,Binders,Ring Binder,4,479.03,1916.12,0.1,191.61
ORD-1226,15/08/2023,19/08/2023,Standard Class,CUST-1226,Alice Johnson,Home Office,East,Furniture,Accessories,Steel Cabinet,5,91.13,455.65,0.1,45.56
ORD-1227,16/08/2023,18/08/2023,Second Class,CUST-1227,Carol White,Corporate,East,Technology,Chairs,Conference Table,8,346.18,2769.44,0.2,0.0
ORD-1228,17/08/2023,23/08/2023,Standard Class,CUST-1228,Alice Johnson,Corporate,West,Office Supplies,Accessories,Conference Table,1,127.95,127.95,0.0,25.59
ORD-1229,18/08/2023,24/08/2023,Standard Class,CUST-1229,Alice Johnson,Corporate,Central,Office Supplies,Accessories,Ring Binder,1,227.06,227.06,0.1,22.71
ORD-1230,19/08/2023,21/08/2023,Second Class,CUST-1230,Jane Smith,Corporate,East,Technology,Accessories,Mouse Pad,4,365.2,1460.8,0.0,292.16
ORD-1231,20/08/2023,23/08/2023,Same Day,CUST-1231,Bob Lee,Home Office,Central,Office Supplies,Storage,Executive Chair,3,290.4,871.2,0.1,87.12
ORD-1232,21/08/2023,25/08/2023,Same Day,CUST-1232,John Doe,Home Office,East,Office Supplies,Binders,Steel Cabinet,2,225.2,450.4,0.0,90.08
ORD-1233,22/08/2023,28/08/2023,Same Day,CUST-1233,Jane Smith,Corporate,East,Office Supplies,Phones,Conference Table,3,176.64,529.92,0.3,-52.99
ORD-1234,23/08/2023,29/08/2023,Same Day,CUST-1234,Jane Smith,Corporate,South,Office Supplies,Phones,Steel Cabinet,1,423.04,423.04,0.2,0.0
ORD-1235,24/08/2023,29/08/2023,Same Day,CUST-1235,Bob Lee,Home Office,South,Technology,Chairs,Conference Table,1,89.03,89.03,0.0,17.81
ORD-1236,25/08/2023,31/08/2023,Second Class,CUST-1236,John Doe,Corporate,South,Furniture,Accessories,Steel Cabinet,6,226.45,1358.7,0.3,-135.87
ORD-1237,26/08/2023,28/08/2023,Second Class,CUST-1237,Carol White,Consumer,Central,Furniture,Chairs,iPhone 13,5,453.8,2269.0,0.0,453.8
ORD-1238,27/08/2023,02/09/2023,First Class,CUST-1238,Carol White,Corporate,West,Office Supplies,Storage,Conference Table,8,426.01,3408.08,0.0,681.62
ORD-1239,28/08/2023,31/08/2023,Same Day,CUST-1239,Jane Smith,Corporate,East,Furniture,Storage,Steel Cabinet,2,212.45,424.9,0.3,-42.49
ORD-1240,29/08/2023,02/09/2023,Second Class,CUST-1240,John Doe,Consumer,East,Furniture,Tables,Executive Chair,4,386.29,1545.16,0.0,309.03
ORD-1241,30/08/2023,03/09/2023,First Class,CUST-1241,Jane Smith,Consumer,East,Office Supplies,Storage,iPhone 13,8,415.12,3320.96,0.0,664.19
ORD-1242,31/08/2023,06/09/2023,Same Day,CUST-1242,Alice Johnson,Home Office,Central,Office Supplies,Tables,iPhone 13,6,446.67,2680.02,0.2,0.0
ORD-1243,01/09/2023,02/09/2023,Standard Class,CUST-1243,Jane Smith,Home Office,South,Furniture,Binders,Executive Chair,1,281.36,281.36,0.3,-28.14
ORD-1244,02/09/2023,03/09/2023,First Class,CUST-1244,Jane Smith,Consumer,West,Technology,Chairs,Steel Cabinet,4,118.14,472.56,0.3,-47.26
ORD-1245,03/09/2023,05/09/2023,Second Class,CUST-1245,Carol White,Consumer,Central,Office Supplies,Binders,Ring Binder,1,142.55,142.55,0.1,14.26
ORD-1246,04/09/2023,05/09/2023,Standard Class,CUST-1246,Carol White,Home Office,South,Technology,Storage,Executive Chair,2,161.93,323.86,0.0,64.77
ORD-1247,05/09/2023,07/09/2023,Standard Class,CUST-1247,Carol White,Corporate,Central,Furniture,Binders,Steel Cabinet,5,305.03,1525.15,0.2,0.0
ORD-1248,06/09/2023,11/09/2023,Standard Class,CUST-1248,Alice Johnson,Consumer,West,Office Supplies,Binders,Executive Chair,8,35.75,286.0,0.0,57.2
ORD-1249,07/09/2023,09/09/2023,First Class,CUST-1249,Carol White,Home Office,South,Technology,Binders,Executive Chair,8,325.3,2602.4,0.0,520.48
ORD-1250,08/09/2023,09/09/2023,Second Class,CUST-1250,John Doe,Corporate,Central,Office Supplies,Storage,Conference Table,3,194.89,584.67,0.1,58.47
ORD-1251,09/09/2023,15/09/2023,Standard Class,CUST-1251,Bob Lee,Consumer,West,Furniture,Accessories,Steel Cabinet,4,161.72,646.88,0.0,129.38
ORD-1252,10/09/2023,15/09/2023,Same Day,CUST-1252,John Doe,Corporate,East,Technology,Binders,Ring Binder,6,442.16,2652.96,0.2,0.0
ORD-1253,11/09/2023,12/09/2023,Standard Class,CUST-1253,John Doe,Home Office,West,Furniture,Tables,Conference Table,3,240.8,722.4,0.2,0.0
ORD-1254,12/09/2023,14/09/2023,Standard Class,CUST-1254,Carol White,Consumer,East,Furniture,Storage,Executive Chair,2,65.63,131.26,0.1,13.13
ORD-1255,13/09/2023,16/09/2023,First Class,CUST-1255,Bob Lee,Corporate,Central,Office Supplies,Binders,Mouse Pad,6,416.84,2501.04,0.0,500.21
ORD-1256,14/09/2023,18/09/2023,First Class,CUST-1256,Bob Lee,Consumer,South,Technology,Accessories,Executive Chair,5,42.87,214.35,0.2,0.0
ORD-1257,15/09/2023,16/09/2023,Second Class,CUST-1257,Bob Lee,Corporate,South,Furniture,Storage,Executive Chair,5,368.84,1844.2,0.0,368.84
ORD-1258,16/09/2023,18/09/2023,Same Day,CUST-1258,Alice Johnson,Home Office,Central,Furniture,Phones,Steel Cabinet,5,391.47,1957.35,0.0,391.47
ORD-1259,17/09/2023,22/09/2023,First Class,CUST-1259,Carol White,Home Office,South,Technology,Accessories,Steel Cabinet,5,189.25,946.25,0.0,189.25
ORD-1260,18/09/2023,19/09/2023,Standard Class,CUST-1260,Bob Lee,Consumer,South,Furniture,Tables,Conference Table,3,415.9,1247.7,0.1,124.77
ORD-1261,19/09/2023,20/09/2023,Second Class,CUST-1261,Alice Johnson,Corporate,East,Furniture,Binders,Ring Binder,7,267.52,1872.64,0.0,374.53
ORD-1262,20/09/2023,24/09/2023,Standard Class,CUST-1262,Jane Smith,Consumer,Central,Technology,Phones,Conference Table,6,242.38,1454.28,0.2,0.0
ORD-1263,21/09/2023,23/09/2023,Standard Class,CUST-1263,Jane Smith,Consumer,West,Technology,Phones,iPhone 13,4,41.79,167.16,0.0,33.43
ORD-1264,22/09/2023,25/09/2023,First Class,CUST-1264,Alice Johnson,Corporate,East,Technology,Storage,Executive Chair,2,159.21,318.42,0.2,0.0
ORD-1265,23/09/2023,28/09/2023,Second Class,CUST-1265,Alice Johnson,Corporate,Central,Technology,Phones,Mouse Pad,9,466.88,4201.92,0.0,840.38
ORD-1266,24/09/2023,26/09/2023,Same Day,CUST-1266,Carol White,Corporate,East,Office Supplies,Tables,Executive Chair,1,208.08,208.08,0.2,0.0
ORD-1267,25/09/2023,30/09/2023,Same Day,CUST-1267,Carol White,Home Office,West,Technology,Tables,Executive Chair,4,282.42,1129.68,0.2,0.0
ORD-1268,26/09/2023,27/09/2023,First Class,CUST-1268,Jane Smith,Consumer,West,Office Supplies,Chairs,Conference Table,1,275.37,275.37,0.0,55.07
ORD-1269,27/09/2023,01/10/2023,First Class,CUST-1269,Bob Lee,Consumer,Central,Office Supplies,Tables,Mouse Pad,6,303.41,1820.46,0.0,364.09
ORD-1270,28/09/2023,02/10/2023,Second Class,CUST-1270,Jane Smith,Home Office,West,Office Supplies,Accessories,Mouse Pad,4,49.44,197.76,0.2,0.0
ORD-1271,29/09/2023,05/10/2023,Same Day,CUST-1271,Bob Lee,Corporate,East,Furniture,Phones,Mouse Pad,5,193.84,969.2,0.3,-96.92
ORD-1272,30/09/2023,03/10/2023,Same Day,CUST-1272,Bob Lee,Home Office,West,Office Supplies,Tables,Conference Table,5,367.1,1835.5,0.1,183.55
ORD-1273,01/10/2023,05/10/2023,Same Day,CUST-1273,Carol White,Home Office,East,Office Supplies,Storage,Executive Chair,9,116.27,1046.43,0.3,-104.64
ORD-1274,02/10/2023,03/10/2023,Standard Class,CUST-1274,John Doe,Home Office,East,Furniture,Chairs,Conference Table,1,117.72,117.72,0.3,-11.77
ORD-1275,03/10/2023,06/10/2023,Same Day,CUST-1275,John Doe,Consumer,West,Furniture,Phones,Steel Cabinet,2,24.84,49.68,0.0,9.94
ORD-1276,04/10/2023,06/10/2023,Standard Class,CUST-1276,Alice Johnson,Home Office,Central,Furniture,Chairs,Steel Cabinet,6,229.99,1379.94,0.1,137.99
ORD-1277,05/10/2023,09/10/2023,Second Class,CUST-1277,Carol White,Consumer,South,Technology,Phones,Conference Table,5,443.71,2218.55,0.3,-221.85
ORD-1278,06/10/2023,09/10/2023,Standard Class,CUST-1278,Bob Lee,Consumer,West,Furniture,Storage,Mouse Pad,7,44.91,314.37,0.0,62.87
ORD-1279,07/10/2023,08/10/2023,Second Class,CUST-1279,John Doe,Consumer,East,Furniture,Chairs,Executive Chair,3,111.74,335.22,0.3,-33.52
ORD-1280,08/10/2023,14/10/2023,Same Day,CUST-1280,Bob Lee,Corporate,East,Office Supplies,Binders,Conference Table,3,168.84,506.52,0.3,-50.65
ORD-1281,09/10/2023,14/10/2023,Same Day,CUST-1281,John Doe,Consumer,West,Furniture,Accessories,Conference Table,2,371.23,742.46,0.0,148.49
ORD-1282,10/10/2023,15/10/2023,Second Class,CUST-1282,John Doe,Consumer,Central,Technology,Accessories,Conference Table,3,327.51,982.53,0.0,196.51
ORD-1283,11/10/2023,12/10/2023,First Class,CUST-1283,John Doe,Corporate,Central,Furniture,Phones,iPhone 13,1,219.65,219.65,0.0,43.93
ORD-1284,12/10/2023,13/10/2023,Second Class,CUST-1284,Carol White,Consumer,East,Technology,Binders,Steel Cabinet,5,384.35,1921.75,0.1,192.18
ORD-1285,13/10/2023,18/10/2023,First Class,CUST-1285,Jane Smith,Home Office,East,Furniture,Chairs,Mouse Pad,5,312.62,1563.1,0.3,-156.31
ORD-1286,14/10/2023,20/10/2023,Standard Class,CUST-1286,Bob Lee,Home Office,Central,Furniture,Binders,Ring Binder,7,450.1,3150.7,0.0,630.14
ORD-1287,15/10/2023,18/10/2023,Standard Class,CUST-1287,Carol White,Consumer,South,Furniture,Binders,Mouse Pad,4,412.65,1650.6,0.2,0.0
ORD-1288,16/10/2023,21/10/2023,Standard Class,CUST-1288,Carol White,Corporate,West,Furniture,Chairs,Ring Binder,3,141.35,424.05,0.3,-42.4
ORD-1289,17/10/2023,18/10/2023,Same Day,CUST-1289,Carol White,Home Office,East,Technology,Storage,iPhone 13,1,150.29,150.29,0.2,0.0
ORD-1290,18/10/2023,22/10/2023,Standard Class,CUST-1290,Carol White,Corporate,East,Technology,Binders,Conference Table,8,80.17,641.36,0.1,64.14
ORD-1291,19/10/2023,21/10/2023,First Class,CUST-1291,Carol White,Corporate,Central,Office Supplies,Binders,iPhone 13,3,181.74,545.22,0.0,109.04
ORD-1292,20/10/2023,26/10/2023,Standard Class,CUST-1292,Alice Johnson,Home Office,West,Technology,Storage,iPhone 13,2,499.78,999.56,0.2,0.0
ORD-1293,21/10/2023,27/10/2023,Second Class,CUST-1293,Bob Lee,Corporate,Central,Furniture,Binders,Executive Chair,4,214.76,859.04,0.1,85.9
ORD-1294,22/10/2023,26/10/2023,Second Class,CUST-1294,Carol White,Home Office,West,Office Supplies,Binders,Steel Cabinet,3,125.83,377.49,0.0,75.5
ORD-1295,23/10/2023,27/10/2023,Same Day,CUST-1295,Bob Lee,Corporate,West,Office Supplies,Binders,Ring Binder,1,385.99,385.99,0.2,0.0
ORD-1296,24/10/2023,25/10/2023,Second Class,CUST-1296,Alice Johnson,Home Office,West,Office Supplies,Accessories,Conference Table,3,280.39,841.17,0.2,0.0
ORD-1297,25/10/2023,30/10/2023,First Class,CUST-1297,Alice Johnson,Consumer,East,Furniture,Tables,Ring Binder,2,91.81,183.62,0.1,18.36
ORD-1298,26/10/2023,29/10/2023,Standard Class,CUST-1298,Bob Lee,Home Office,South,Technology,Storage,Mouse Pad,8,202.73,1621.84,0.0,324.37
ORD-1299,27/10/2023,02/11/2023,Same Day,CUST-1299,John Doe,Home Office,Central,Furniture,Binders,Ring Binder,6,218.95,1313.7,0.0,262.74
ORD-1300,28/10/2023,03/11/2023,Standard Class,CUST-1300,Jane Smith,Home Office,South,Office Supplies,Accessories,Mouse Pad,9,381.84,3436.56,0.2,0.0
ORD-1301,29/10/2023,02/11/2023,Standard Class,CUST-1301,John Doe,Home Office,Central,Furniture,Storage,Steel Cabinet,8,29.92,239.36,0.2,0.0
ORD-1302,30/10/2023,04/11/2023,First Class,CUST-1302,John Doe,Corporate,West,Furniture,Phones,Mouse Pad,3,149.13,447.39,0.2,0.0
ORD-1303,31/10/2023,06/11/2023,Second Class,CUST-1303,John Doe,Consumer,East,Technology,Phones,Ring Binder,5,268.45,1342.25,0.0,268.45
ORD-1304,01/11/2023,04/11/2023,Second Class,CUST-1304,Carol White,Home Office,South,Technology,Binders,Ring Binder,7,149.05,1043.35,0.1,104.34
ORD-1305,02/11/2023,06/11/2023,Standard Class,CUST-1305,Alice Johnson,Corporate,East,Office Supplies,Accessories,Mouse Pad,5,321.65,1608.25,0.1,160.83
ORD-1306,03/11/2023,06/11/2023,Same Day,CUST-1306,John Doe,Consumer,Central,Furniture,Accessories,iPhone 13,8,251.3,2010.4,0.0,402.08
ORD-1307,04/11/2023,09/11/2023,Second Class,CUST-1307,Alice Johnson,Consumer,East,Furniture,Storage,Steel Cabinet,5,193.62,968.1,0.3,-96.81
ORD-1308,05/11/2023,11/11/2023,Same Day,CUST-1308,Bob Lee,Consumer,East,Technology,Storage,Executive Chair,1,475.62,475.62,0.1,47.56
ORD-1309,06/11/2023,08/11/2023,Second Class,CUST-1309,Jane Smith,Consumer,South,Furniture,Accessories,Conference Table,5,323.44,1617.2,0.2,0.0
ORD-1310,07/11/2023,13/11/2023,Same Day,CUST-1310,Bob Lee,Home Office,West,Furniture,Storage,Ring Binder,4,82.37,329.48,0.3,-32.95
ORD-1311,08/11/2023,13/11/2023,First Class,CUST-1311,Bob Lee,Home Office,East,Furniture,Accessories,Conference Table,6,288.84,1733.04,0.3,-173.3
ORD-1312,09/11/2023,15/11/2023,Same Day,CUST-1312,Carol White,Corporate,West,Technology,Tables,Executive Chair,3,394.75,1184.25,0.1,118.43
ORD-1313,10/11/2023,16/11/2023,First Class,CUST-1313,Jane Smith,Corporate,Central,Office Supplies,Accessories,Conference Table,5,360.08,1800.4,0.3,-180.04
ORD-1314,11/11/2023,12/11/2023,First Class,CUST-1314,Bob Lee,Corporate,East,Office Supplies,Phones,Executive Chair,2,102.6,205.2,0.3,-20.52
ORD-1315,12/11/2023,18/11/2023,Same Day,CUST-1315,Bob Lee,Consumer,South,Furniture,Storage,Mouse Pad,6,486.76,2920.56,0.1,292.06
ORD-1316,13/11/2023,19/11/2023,First Class,CUST-1316,Jane Smith,Consumer,Central,Office Supplies,Accessories,iPhone 13,6,235.43,1412.58,0.1,141.26
ORD-1317,14/11/2023,17/11/2023,Standard Class,CUST-1317,Jane Smith,Home Office,Central,Technology,Accessories,Ring Binder,5,96.33,481.65,0.3,-48.16
ORD-1318,15/11/2023,17/11/2023,First Class,CUST-1318,Bob Lee,Consumer,South,Technology,Storage,Executive Chair,6,106.49,638.94,0.2,0.0
ORD-1319,16/11/2023,19/11/2023,Second Class,CUST-1319,Jane Smith,Consumer,East,Office Supplies,Tables,Conference Table,7,67.15,470.05,0.0,94.01
ORD-1320,17/11/2023,20/11/2023,Same Day,CUST-1320,Bob Lee,Consumer,East,Office Supplies,Tables,Ring Binder,5,405.69,2028.45,0.3,-202.84
ORD-1321,18/11/2023,22/11/2023,Standard Class,CUST-1321,Bob Lee,Corporate,Central,Furniture,Storage,iPhone 13,1,78.57,78.57,0.3,-7.86
ORD-1322,19/11/2023,20/11/2023,Same Day,CUST-1322,Carol White,Corporate,East,Office Supplies,Chairs,Mouse Pad,8,80.06,640.48,0.2,0.0
ORD-1323,20/11/2023,23/11/2023,Second Class,CUST-1323,John Doe,Home Office,West,Furniture,Storage,Ring Binder,4,428.23,1712.92,0.3,-171.29
ORD-1324,21/11/2023,26/11/2023,Second Class,CUST-1324,Bob Lee,Consumer,South,Furniture,Storage,Executive Chair,9,185.41,1668.69,0.3,-166.87
ORD-1325,22/11/2023,27/11/2023,Second Class,CUST-1325,Alice Johnson,Consumer,West,Technology,Tables,iPhone 13,6,34.81,208.86,0.0,41.77
ORD-1326,23/11/2023,29/11/2023,First Class,CUST-1326,John Doe,Home Office,East,Technology,Tables,Conference Table,1,44.91,44.91,0.0,8.98
ORD-1327,24/11/2023,28/11/2023,First Class,CUST-1327,John Doe,Consumer,Central,Technology,Storage,iPhone 13,3,88.24,264.72,0.0,52.94
ORD-1328,25/11/2023,26/11/2023,Same Day,CUST-1328,John Doe,Consumer,South,Technology,Storage,iPhone 13,3,122.43,367.29,0.1,36.73
ORD-1329,26/11/2023,27/11/2023,Same Day,CUST-1329,Carol White,Corporate,East,Office Supplies,Storage,Steel Cabinet,4,339.27,1357.08,0.1,135.71
ORD-1330,27/11/2023,03/12/2023,Standard Class,CUST-1330,Bob Lee,Home Office,East,Technology,Tables,iPhone 13,6,95.52,573.12,0.0,114.62
ORD-1331,28/11/2023,03/12/2023,Standard Class,CUST-1331,Carol White,Home Office,Central,Office Supplies,Storage,iPhone 13,7,77.06,539.42,0.0,107.88
ORD-1332,29/11/2023,01/12/2023,Same Day,CUST-1332,Bob Lee,Home Office,Central,Technology,Storage,Ring Binder,4,387.07,1548.28,0.1,154.83
ORD-1333,30/11/2023,04/12/2023,First Class,CUST-1333,Carol White,Home Office,West,Office Supplies,Binders,Conference Table,6,342.11,2052.66,0.2,0.0
ORD-1334,01/12/2023,07/12/2023,Second Class,CUST-1334,Carol White,Corporate,South,Furniture,Chairs,Ring Binder,1,228.96,228.96,0.3,-22.9
ORD-1335,02/12/2023,06/12/2023,Same Day,CUST-1335,Alice Johnson,Corporate,South,Office Supplies,Phones,Ring Binder,8,283.67,2269.36,0.3,-226.94
ORD-1336,03/12/2023,08/12/2023,Standard Class,CUST-1336,Carol White,Consumer,Central,Office Supplies,Chairs,Executive Chair,7,169.75,1188.25,0.0,237.65
ORD-1337,04/12/2023,09/12/2023,First Class,CUST-1337,Jane Smith,Consumer,West,Technology,Binders,Ring Binder,9,251.6,2264.4,0.2,0.0
ORD-1338,05/12/2023,07/12/2023,Same Day,CUST-1338,Alice Johnson,Consumer,South,Office Supplies,Phones,Steel Cabinet,3,263.2,789.6,0.1,78.96
ORD-1339,06/12/2023,08/12/2023,Same Day,CUST-1339,Carol White,Consumer,Central,Furniture,Storage,Steel Cabinet,2,205.87,411.74,0.0,82.35
ORD-1340,07/12/2023,08/12/2023,First Class,CUST-1340,John Doe,Corporate,East,Furniture,Binders,Executive Chair,1,455.15,455.15,0.2,0.0
ORD-1341,08/12/2023,12/12/2023,Same Day,CUST-1341,Jane Smith,Home Office,South,Technology,Storage,Mouse Pad,3,27.71,83.13,0.2,0.0
ORD-1342,09/12/2023,13/12/2023,First Class,CUST-1342,Jane Smith,Corporate,West,Furniture,Tables,Conference Table,5,395.44,1977.2,0.2,0.0
ORD-1343,10/12/2023,15/12/2023,Second Class,CUST-1343,Jane Smith,Consumer,West,Office Supplies,Accessories,Conference Table,2,79.7,159.4,0.1,15.94
ORD-1344,11/12/2023,12/12/2023,First Class,CUST-1344,Alice Johnson,Corporate,West,Furniture,Binders,Ring Binder,3,402.82,1208.46,0.1,120.85
ORD-1345,12/12/2023,18/12/2023,First Class,CUST-1345,Carol White,Home Office,East,Technology,Tables,Ring Binder,4,315.64,1262.56,0.3,-126.26
ORD-1346,13/12/2023,17/12/2023,First Class,CUST-1346,Carol White,Home Office,South,Office Supplies,Binders,Mouse Pad,7,424.77,2973.39,0.3,-297.34
ORD-1347,14/12/2023,15/12/2023,Same Day,CUST-1347,John Doe,Corporate,South,Technology,Binders,Ring Binder,3,66.81,200.43,0.2,0.0
ORD-1348,15/12/2023,16/12/2023,Same Day,CUST-1348,John Doe,Corporate,East,Office Supplies,Tables,Conference Table,9,288.31,2594.79,0.2,0.0
ORD-1349,16/12/2023,21/12/2023,First Class,CUST-1349,Jane Smith,Corporate,South,Furniture,Phones,iPhone 13,8,260.52,2084.16,0.1,208.42
ORD-1350,17/12/2023,18/12/2023,Same Day,CUST-1350,John Doe,Consumer,East,Technology,Chairs,Steel Cabinet,4,358.97,1435.88,0.3,-143.59
ORD-1351,18/12/2023,20/12/2023,Standard Class,CUST-1351,Alice Johnson,Corporate,East,Technology,Storage,iPhone 13,1,276.46,276.46,0.2,0.0
ORD-1352,19/12/2023,21/12/2023,Standard Class,CUST-1352,Carol White,Corporate,East,Office Supplies,Binders,iPhone 13,1,279.55,279.55,0.3,-27.95
ORD-1353,20/12/2023,23/12/2023,Same Day,CUST-1353,Jane Smith,Corporate,West,Technology,Storage,Conference Table,1,226.21,226.21,0.3,-22.62
ORD-1354,21/12/2023,26/12/2023,Same Day,CUST-1354,John Doe,Home Office,South,Office Supplies,Accessories,iPhone 13,1,168.24,168.24,0.2,0.0
ORD-1355,22/12/2023,28/12/2023,First Class,CUST-1355,Alice Johnson,Home Office,East,Office Supplies,Tables,Mouse Pad,8,251.49,2011.92,0.1,201.19
ORD-1356,23/12/2023,26/12/2023,Second Class,CUST-1356,Alice Johnson,Consumer,South,Office Supplies,Storage,Executive Chair,3,76.88,230.64,0.2,0.0
ORD-1357,24/12/2023,26/12/2023,Same Day,CUST-1357,John Doe,Consumer,West,Office Supplies,Tables,Ring Binder,6,481.53,2889.18,0.2,0.0
ORD-1358,25/12/2023,28/12/2023,Standard Class,CUST-1358,Carol White,Home Office,East,Furniture,Storage,Executive Chair,3,362.92,1088.76,0.3,-108.88
ORD-1359,26/12/2023,31/12/2023,First Class,CUST-1359,John Doe,Home Office,Central,Office Supplies,Chairs,Steel Cabinet,5,477.18,2385.9,0.2,0.0
ORD-1360,27/12/2023,01/01/2024,Same Day,CUST-1360,Jane Smith,Home Office,West,Technology,Chairs,Ring Binder,7,128.83,901.81,0.1,90.18
ORD-1361,28/12/2023,29/12/2023,Standard Class,CUST-1361,John Doe,Corporate,Central,Furniture,Chairs,iPhone 13,2,442.08,884.16,0.2,0.0
ORD-1362,29/12/2023,02/01/2024,Standard Class,CUST-1362,Alice Johnson,Corporate,South,Technology,Chairs,Steel Cabinet,6,408.22,2449.32,0.1,244.93
ORD-1363,30/12/2023,31/12/2023,Second Class,CUST-1363,John Doe,Home Office,South,Furniture,Chairs,Ring Binder,6,345.03,2070.18,0.1,207.02
ORD-1364,31/12/2023,05/01/2024,First Class,CUST-1364,Carol White,Corporate,West,Office Supplies,Chairs,Mouse Pad,3,320.01,960.03,0.3,-96.0
ORD-1365,01/01/2024,03/01/2024,First Class,CUST-1365,Bob Lee,Corporate,South,Furniture,Tables,Mouse Pad,6,171.94,1031.64,0.0,206.33
ORD-1366,02/01/2024,08/01/2024,Second Class,CUST-1366,John Doe,Consumer,Central,Furniture,Binders,Mouse Pad,5,411.88,2059.4,0.0,411.88
ORD-1367,03/01/2024,05/01/2024,Second Class,CUST-1367,Carol White,Home Office,East,Technology,Storage,Mouse Pad,2,260.73,521.46,0.3,-52.15
ORD-1368,04/01/2024,05/01/2024,First Class,CUST-1368,Carol White,Home Office,East,Technology,Chairs,iPhone 13,9,54.03,486.27,0.2,0.0
ORD-1369,05/01/2024,11/01/2024,First Class,CUST-1369,Alice Johnson,Corporate,East,Office Supplies,Tables,Executive Chair,8,170.17,1361.36,0.3,-136.14
ORD-1370,06/01/2024,11/01/2024,Same Day,CUST-1370,Carol White,Home Office,West,Furniture,Tables,Ring Binder,3,468.94,1406.82,0.1,140.68
ORD-1371,07/01/2024,09/01/2024,Same Day,CUST-1371,Carol White,Consumer,South,Furniture,Tables,iPhone 13,8,428.33,3426.64,0.0,685.33
ORD-1372,08/01/2024,13/01/2024,Second Class,CUST-1372,Carol White,Consumer,Central,Furniture,Binders,Mouse Pad,9,491.31,4421.79,0.3,-442.18
ORD-1373,09/01/2024,15/01/2024,Same Day,CUST-1373,Carol White,Consumer,South,Office Supplies,Storage,Executive Chair,3,321.44,964.32,0.2,0.0
ORD-1374,10/01/2024,16/01/2024,Standard Class,CUST-1374,Jane Smith,Home Office,South,Office Supplies,Binders,Steel Cabinet,3,138.8,416.4,0.3,-41.64
ORD-1375,11/01/2024,13/01/2024,Same Day,CUST-1375,Jane Smith,Home Office,South,Office Supplies,Phones,Steel Cabinet,2,98.15,196.3,0.0,39.26
ORD-1376,12/01/2024,17/01/2024,Same Day,CUST-1376,Alice Johnson,Home Office,East,Office Supplies,Tables,Steel Cabinet,8,109.72,877.76,0.3,-87.78
ORD-1377,13/01/2024,16/01/2024,Standard Class,CUST-1377,John Doe,Home Office,Central,Office Supplies,Phones,Mouse Pad,1,29.5,29.5,0.3,-2.95
ORD-1378,14/01/2024,19/01/2024,Second Class,CUST-1378,Carol White,Home Office,Central,Technology,Accessories,Steel Cabinet,8,207.53,1660.24,0.0,332.05
ORD-1379,15/01/2024,21/01/2024,Standard Class,CUST-1379,John Doe,Consumer,South,Furniture,Chairs,Conference Table,7,111.89,783.23,0.1,78.32
ORD-1380,16/01/2024,21/01/2024,Same Day,CUST-1380,John Doe,Corporate,East,Furniture,Chairs,Ring Binder,7,217.59,1523.13,0.1,152.31
ORD-1381,17/01/2024,18/01/2024,Second Class,CUST-1381,Alice Johnson,Consumer,East,Furniture,Binders,Ring Binder,3,468.8,1406.4,0.0,281.28
ORD-1382,18/01/2024,21/01/2024,Same Day,CUST-1382,Carol White,Home Office,Central,Furniture,Storage,Mouse Pad,1,226.66,226.66,0.3,-22.67
ORD-1383,19/01/2024,23/01/2024,Standard Class,CUST-1383,Carol White,Consumer,East,Furniture,Phones,Conference Table,4,441.43,1765.72,0.0,353.14
ORD-1384,20/01/2024,21/01/2024,Standard Class,CUST-1384,Bob Lee,Home Office,East,Furniture,Storage,iPhone 13,9,310.64,2795.76,0.1,279.58
ORD-1385,21/01/2024,25/01/2024,Same Day,CUST-1385,John Doe,Home Office,East,Furniture,Binders,iPhone 13,5,138.62,693.1,0.2,0.0
ORD-1386,22/01/2024,24/01/2024,First Class,CUST-1386,John Doe,Consumer,West,Furniture,Chairs,Steel Cabinet,1,190.81,190.81,0.3,-19.08
ORD-1387,23/01/2024,27/01/2024,First Class,CUST-1387,Jane Smith,Home Office,South,Technology,Storage,Executive Chair,5,60.28,301.4,0.1,30.14
ORD-1388,24/01/2024,29/01/2024,Standard Class,CUST-1388,Bob Lee,Corporate,Central,Furniture,Storage,iPhone 13,8,180.06,1440.48,0.3,-144.05
ORD-1389,25/01/2024,29/01/2024,Standard Class,CUST-1389,Jane Smith,Home Office,Central,Technology,Chairs,Executive Chair,8,345.22,2761.76,0.0,552.35
ORD-1390,26/01/2024,01/02/2024,First Class,CUST-1390,Jane Smith,Corporate,West,Office Supplies,Phones,Ring Binder,5,54.61,273.05,0.2,0.0
ORD-1391,27/01/2024,28/01/2024,First Class,CUST-1391,Jane Smith,Corporate,South,Furniture,Chairs,Executive Chair,9,118.59,1067.31,0.0,213.46
ORD-1392,28/01/2024,29/01/2024,Same Day,CUST-1392,Alice Johnson,Home Office,Central,Office Supplies,Storage,Ring Binder,1,203.09,203.09,0.2,0.0
ORD-1393,29/01/2024,02/02/2024,Same Day,CUST-1393,Alice Johnson,Consumer,East,Office Supplies,Phones,Conference Table,4,491.38,1965.52,0.3,-196.55
ORD-1394,30/01/2024,31/01/2024,First Class,CUST-1394,Jane Smith,Corporate,Central,Office Supplies,Phones,Conference Table,3,396.73,1190.19,0.3,-119.02
ORD-1395,31/01/2024,06/02/2024,Same Day,CUST-1395,Bob Lee,Consumer,East,Technology,Chairs,Mouse Pad,2,372.07,744.14,0.0,148.83
ORD-1396,01/02/2024,02/02/2024,Same Day,CUST-1396,John Doe,Corporate,West,Office Supplies,Storage,Mouse Pad,8,75.77,606.16,0.2,0.0
ORD-1397,02/02/2024,06/02/2024,Second Class,CUST-1397,Bob Lee,Home Office,East,Office Supplies,Binders,Steel Cabinet,7,394.88,2764.16,0.2,0.0
ORD-1398,03/02/2024,06/02/2024,Same Day,CUST-1398,Carol White,Home Office,Central,Office Supplies,Storage,iPhone 13,9,396.93,3572.37,0.3,-357.24
ORD-1399,04/02/2024,07/02/2024,Standard Class,CUST-1399,Alice Johnson,Corporate,Central,Furniture,Tables,Steel Cabinet,2,308.53,617.06,0.0,123.41
ORD-1400,05/02/2024,07/02/2024,Same Day,CUST-1400,John Doe,Home Office,Central,Furniture,Accessories,Ring Binder,4,495.37,1981.48,0.2,0.0
ORD-1401,06/02/2024,07/02/2024,Same Day,CUST-1401,John Doe,Corporate,West,Technology,Binders,Steel Cabinet,6,176.12,1056.72,0.3,-105.67
ORD-1402,07/02/2024,11/02/2024,First Class,CUST-1402,Carol White,Home Office,West,Technology,Phones,Executive Chair,3,471.81,1415.43,0.1,141.54
ORD-1403,08/02/2024,09/02/2024,Standard Class,CUST-1403,Carol White,Consumer,South,Furniture,Binders,Ring Binder,8,459.07,3672.56,0.0,734.51
ORD-1404,09/02/2024,14/02/2024,Same Day,CUST-1404,Jane Smith,Home Office,Central,Technology,Phones,Mouse Pad,3,25.51,76.53,0.1,7.65
ORD-1405,10/02/2024,16/02/2024,Same Day,CUST-1405,Alice Johnson,Consumer,East,Furniture,Phones,Conference Table,2,236.06,472.12,0.0,94.42
ORD-1406,11/02/2024,12/02/2024,Second Class,CUST-1406,Alice Johnson,Home Office,West,Office Supplies,Binders,Mouse Pad,3,489.01,1467.03,0.3,-146.7
ORD-1407,12/02/2024,13/02/2024,Same Day,CUST-1407,Bob Lee,Consumer,Central,Office Supplies,Phones,iPhone 13,6,69.5,417.0,0.2,0.0
ORD-1408,13/02/2024,16/02/2024,Same Day,CUST-1408,Jane Smith,Home Office,Central,Technology,Phones,Ring Binder,2,282.94,565.88,0.2,0.0
ORD-1409,14/02/2024,20/02/2024,Second Class,CUST-1409,Jane Smith,Consumer,West,Furniture,Tables,Ring Binder,8,489.9,3919.2,0.2,0.0
ORD-1410,15/02/2024,19/02/2024,First Class,CUST-1410,Jane Smith,Corporate,South,Furniture,Storage,Executive Chair,1,286.64,286.64,0.0,57.33
ORD-1411,16/02/2024,17/02/2024,Same Day,CUST-1411,Jane Smith,Corporate,West,Technology,Storage,iPhone 13,7,111.11,777.77,0.3,-77.78
ORD-1412,17/02/2024,20/02/2024,Second Class,CUST-1412,Alice Johnson,Consumer,West,Furniture,Accessories,Conference Table,2,299.45,598.9,0.1,59.89
ORD-1413,18/02/2024,20/02/2024,Standard Class,CUST-1413,Alice Johnson,Home Office,East,Office Supplies,Accessories,Ring Binder,6,118.13,708.78,0.3,-70.88
ORD-1414,19/02/2024,25/02/2024,First Class,CUST-1414,Jane Smith,Consumer,East,Technology,Tables,Ring Binder,2,269.46,538.92,0.1,53.89
ORD-1415,20/02/2024,23/02/2024,Standard Class,CUST-1415,Bob Lee,Home Office,South,Technology,Accessories,Executive Chair,2,55.54,111.08,0.0,22.22
ORD-1416,21/02/2024,24/02/2024,Standard Class,CUST-1416,John Doe,Corporate,Central,Furniture,Binders,Steel Cabinet,8,310.63,2485.04,0.0,497.01
ORD-1417,22/02/2024,25/02/2024,Second Class,CUST-1417,John Doe,Home Office,West,Technology,Chairs,Conference Table,2,268.06,536.12,0.1,53.61
ORD-1418,23/02/2024,24/02/2024,Same Day,CUST-1418,Bob Lee,Corporate,South,Furniture,Chairs,Mouse Pad,7,375.28,2626.96,0.1,262.7
ORD-1419,24/02/2024,25/02/2024,Second Class,CUST-1419,Jane Smith,Home Office,East,Furniture,Chairs,iPhone 13,3,322.74,968.22,0.1,96.82
ORD-1420,25/02/2024,27/02/2024,Second Class,CUST-1420,Alice Johnson,Home Office,West,Furniture,Tables,Ring Binder,8,283.81,2270.48,0.3,-227.05
ORD-1421,26/02/2024,02/03/2024,Second Class,CUST-1421,John Doe,Home Office,Central,Furniture,Tables,Ring Binder,7,351.09,2457.63,0.1,245.76
ORD-1422,27/02/2024,03/03/2024,Second Class,CUST-1422,Carol White,Consumer,East,Furniture,Phones,Mouse Pad,8,89.09,712.72,0.0,142.54
ORD-1423,28/02/2024,04/03/2024,First Class,CUST-1423,Carol White,Consumer,East,Technology,Chairs,Conference Table,7,305.77,2140.39,0.0,428.08
ORD-1424,29/02/2024,06/03/2024,Same Day,CUST-1424,Bob Lee,Corporate,East,Office Supplies,Binders,Steel Cabinet,6,102.61,615.66,0.2,0.0
ORD-1425,01/03/2024,07/03/2024,Standard Class,CUST-1425,Jane Smith,Corporate,South,Office Supplies,Accessories,Ring Binder,7,464.25,3249.75,0.1,324.98
ORD-1426,02/03/2024,04/03/2024,Standard Class,CUST-1426,John Doe,Consumer,Central,Technology,Binders,Conference Table,5,52.8,264.0,0.3,-26.4
ORD-1427,03/03/2024,09/03/2024,Same Day,CUST-1427,Jane Smith,Corporate,West,Technology,Accessories,Mouse Pad,7,226.58,1586.06,0.3,-158.61
ORD-1428,04/03/2024,09/03/2024,Standard Class,CUST-1428,John Doe,Consumer,South,Office Supplies,Chairs,Executive Chair,1,353.98,353.98,0.3,-35.4
ORD-1429,05/03/2024,10/03/2024,Same Day,CUST-1429,Bob Lee,Home Office,South,Office Supplies,Chairs,Steel Cabinet,1,239.85,239.85,0.2,0.0
ORD-1430,06/03/2024,09/03/2024,Standard Class,CUST-1430,Bob Lee,Corporate,South,Office Supplies,Chairs,iPhone 13,9,64.21,577.89,0.0,115.58
ORD-1431,07/03/2024,13/03/2024,Second Class,CUST-1431,Carol White,Corporate,East,Office Supplies,Tables,Ring Binder,5,285.62,1428.1,0.3,-142.81
ORD-1432,08/03/2024,09/03/2024,Standard Class,CUST-1432,Jane Smith,Consumer,Central,Office Supplies,Accessories,Conference Table,5,327.98,1639.9,0.0,327.98
ORD-1433,09/03/2024,10/03/2024,Same Day,CUST-1433,Carol White,Corporate,South,Furniture,Tables,Executive Chair,3,357.82,1073.46,0.2,0.0
ORD-1434,10/03/2024,13/03/2024,Same Day,CUST-1434,Jane Smith,Corporate,West,Technology,Tables,iPhone 13,5,199.16,995.8,0.1,99.58
ORD-1435,11/03/2024,14/03/2024,Same Day,CUST-1435,Carol White,Home Office,Central,Furniture,Storage,Conference Table,3,290.56,871.68,0.1,87.17
ORD-1436,12/03/2024,15/03/2024,Same Day,CUST-1436,Alice Johnson,Corporate,West,Office Supplies,Binders,Conference Table,9,236.33,2126.97,0.1,212.7
ORD-1437,13/03/2024,14/03/2024,Same Day,CUST-1437,Alice Johnson,Home Office,Central,Office Supplies,Binders,iPhone 13,9,342.59,3083.31,0.3,-308.33
ORD-1438,14/03/2024,19/03/2024,First Class,CUST-1438,Alice Johnson,Consumer,West,Office Supplies,Phones,Executive Chair,6,300.11,1800.66,0.1,180.07
ORD-1439,15/03/2024,18/03/2024,First Class,CUST-1439,Alice Johnson,Corporate,East,Furniture,Tables,Mouse Pad,1,272.36,272.36,0.3,-27.24
ORD-1440,16/03/2024,18/03/2024,Standard Class,CUST-1440,John Doe,Home Office,South,Furniture,Accessories,Executive Chair,7,139.77,978.39,0.2,0.0
ORD-1441,17/03/2024,20/03/2024,Same Day,CUST-1441,Alice Johnson,Consumer,West,Office Supplies,Storage,Steel Cabinet,7,20.97,146.79,0.2,0.0
ORD-1442,18/03/2024,22/03/2024,Standard Class,CUST-1442,Bob Lee,Corporate,Central,Furniture,Storage,Ring Binder,4,103.56,414.24,0.3,-41.42
ORD-1443,19/03/2024,22/03/2024,Same Day,CUST-1443,Bob Lee,Consumer,South,Furniture,Binders,iPhone 13,8,76.19,609.52,0.0,121.9
ORD-1444,20/03/2024,21/03/2024,Same Day,CUST-1444,John Doe,Corporate,South,Office Supplies,Tables,Mouse Pad,6,235.56,1413.36,0.1,141.34
ORD-1445,21/03/2024,27/03/2024,First Class,CUST-1445,Alice Johnson,Consumer,Central,Furniture,Phones,iPhone 13,4,313.88,1255.52,0.1,125.55
ORD-1446,22/03/2024,25/03/2024,First Class,CUST-1446,Alice Johnson,Consumer,West,Technology,Tables,iPhone 13,4,122.28,489.12,0.1,48.91
ORD-1447,23/03/2024,29/03/2024,Second Class,CUST-1447,Alice Johnson,Home Office,East,Technology,Chairs,Executive Chair,2,470.75,941.5,0.3,-94.15
ORD-1448,24/03/2024,28/03/2024,First Class,CUST-1448,Carol White,Consumer,East,Technology,Tables,Ring Binder,2,23.21,46.42,0.2,0.0
ORD-1449,25/03/2024,27/03/2024,Second Class,CUST-1449,Jane Smith,Corporate,West,Technology,Chairs,Steel Cabinet,4,390.7,1562.8,0.1,156.28
ORD-1450,26/03/2024,01/04/2024,Second Class,CUST-1450,Carol White,Corporate,South,Office Supplies,Chairs,Conference Table,5,320.1,1600.5,0.2,0.0
ORD-1451,27/03/2024,01/04/2024,Second Class,CUST-1451,Jane Smith,Home Office,South,Office Supplies,Phones,Conference Table,8,199.31,1594.48,0.1,159.45
ORD-1452,28/03/2024,31/03/2024,Second Class,CUST-1452,Alice Johnson,Corporate,South,Office Supplies,Accessories,iPhone 13,6,44.23,265.38,0.1,26.54
ORD-1453,29/03/2024,02/04/2024,Second Class,CUST-1453,Alice Johnson,Corporate,South,Technology,Binders,Ring Binder,4,321.19,1284.76,0.3,-128.48
ORD-1454,30/03/2024,03/04/2024,Standard Class,CUST-1454,Carol White,Corporate,West,Technology,Tables,Mouse Pad,7,205.09,1435.63,0.0,287.13
ORD-1455,31/03/2024,06/04/2024,First Class,CUST-1455,Carol White,Consumer,South,Furniture,Chairs,Executive Chair,8,469.41,3755.28,0.3,-375.53
ORD-1456,01/04/2024,03/04/2024,Second Class,CUST-1456,Jane Smith,Consumer,Central,Furniture,Tables,Ring Binder,2,280.16,560.32,0.1,56.03
ORD-1457,02/04/2024,03/04/2024,Same Day,CUST-1457,Bob Lee,Corporate,South,Technology,Accessories,Ring Binder,7,471.03,3297.21,0.1,329.72
ORD-1458,03/04/2024,06/04/2024,First Class,CUST-1458,Jane Smith,Home Office,East,Technology,Binders,Executive Chair,2,125.83,251.66,0.0,50.33
ORD-1459,04/04/2024,08/04/2024,First Class,CUST-1459,Carol White,Consumer,South,Technology,Accessories,iPhone 13,2,368.35,736.7,0.2,0.0
ORD-1460,05/04/2024,07/04/2024,Second Class,CUST-1460,Carol White,Home Office,West,Technology,Binders,Ring Binder,8,316.28,2530.24,0.2,0.0
ORD-1461,06/04/2024,11/04/2024,Standard Class,CUST-1461,John Doe,Corporate,East,Furniture,Storage,Conference Table,2,374.92,749.84,0.1,74.98
ORD-1462,07/04/2024,11/04/2024,Second Class,CUST-1462,Carol White,Corporate,West,Technology,Binders,Executive Chair,9,123.04,1107.36,0.2,0.0
ORD-1463,08/04/2024,10/04/2024,Standard Class,CUST-1463,John Doe,Consumer,West,Furniture,Phones,Mouse Pad,1,339.2,339.2,0.1,33.92
ORD-1464,09/04/2024,10/04/2024,Same Day,CUST-1464,Bob Lee,Corporate,East,Technology,Accessories,Steel Cabinet,9,259.06,2331.54,0.0,466.31
ORD-1465,10/04/2024,11/04/2024,First Class,CUST-1465,Jane Smith,Consumer,West,Technology,Chairs,iPhone 13,1,376.56,376.56,0.0,75.31
ORD-1466,11/04/2024,15/04/2024,Same Day,CUST-1466,Jane Smith,Corporate,West,Technology,Storage,Executive Chair,2,176.98,353.96,0.1,35.4
ORD-1467,12/04/2024,16/04/2024,Standard Class,CUST-1467,John Doe,Corporate,South,Furniture,Phones,Steel Cabinet,6,447.23,2683.38,0.0,536.68
ORD-1468,13/04/2024,19/04/2024,Standard Class,CUST-1468,Jane Smith,Consumer,Central,Furniture,Tables,Steel Cabinet,6,60.46,362.76,0.3,-36.28
ORD-1469,14/04/2024,17/04/2024,Same Day,CUST-1469,Carol White,Consumer,West,Office Supplies,Accessories,Mouse Pad,1,407.45,407.45,0.3,-40.74
ORD-1470,15/04/2024,17/04/2024,Standard Class,CUST-1470,Alice Johnson,Consumer,West,Technology,Chairs,Ring Binder,7,433.43,3034.01,0.0,606.8
ORD-1471,16/04/2024,20/04/2024,Same Day,CUST-1471,John Doe,Corporate,West,Office Supplies,Binders,Mouse Pad,8,412.28,3298.24,0.1,329.82
ORD-1472,17/04/2024,20/04/2024,First Class,CUST-1472,Jane Smith,Corporate,South,Office Supplies,Chairs,Ring Binder,2,266.11,532.22,0.1,53.22
ORD-1473,18/04/2024,24/04/2024,Same Day,CUST-1473,John Doe,Home Office,Central,Furniture,Tables,Ring Binder,8,230.42,1843.36,0.0,368.67
ORD-1474,19/04/2024,22/04/2024,First Class,CUST-1474,John Doe,Consumer,East,Furniture,Storage,Executive Chair,9,498.21,4483.89,0.2,0.0
ORD-1475,20/04/2024,24/04/2024,Same Day,CUST-1475,Alice Johnson,Corporate,South,Office Supplies,Storage,Executive Chair,6,130.0,780.0,0.3,-78.0
ORD-1476,21/04/2024,22/04/2024,Standard Class,CUST-1476,Carol White,Corporate,South,Technology,Accessories,iPhone 13,5,282.5,1412.5,0.2,0.0
ORD-1477,22/04/2024,24/04/2024,Same Day,CUST-1477,John Doe,Consumer,Central,Furniture,Storage,Ring Binder,9,341.92,3077.28,0.1,307.73
ORD-1478,23/04/2024,25/04/2024,Standard Class,CUST-1478,Jane Smith,Home Office,Central,Technology,Accessories,Steel Cabinet,9,356.42,3207.78,0.1,320.78
ORD-1479,24/04/2024,25/04/2024,Same Day,CUST-1479,Bob Lee,Consumer,South,Technology,Accessories,Conference Table,1,117.93,117.93,0.2,0.0
ORD-1480,25/04/2024,29/04/2024,Same Day,CUST-1480,John Doe,Home Office,East,Office Supplies,Accessories,iPhone 13,3,333.92,1001.76,0.0,200.35
ORD-1481,26/04/2024,28/04/2024,Second Class,CUST-1481,John Doe,Corporate,South,Office Supplies,Binders,Executive Chair,9,412.82,3715.38,0.2,0.0
ORD-1482,27/04/2024,01/05/2024,Standard Class,CUST-1482,Alice Johnson,Home Office,Central,Office Supplies,Phones,Mouse Pad,2,44.01,88.02,0.2,0.0
ORD-1483,28/04/2024,04/05/2024,Second Class,CUST-1483,Carol White,Corporate,East,Office Supplies,Accessories,iPhone 13,4,457.53,1830.12,0.3,-183.01
ORD-1484,29/04/2024,03/05/2024,Standard Class,CUST-1484,Bob Lee,Consumer,Central,Furniture,Accessories,iPhone 13,4,34.16,136.64,0.3,-13.66
ORD-1485,30/04/2024,03/05/2024,Second Class,CUST-1485,Jane Smith,Consumer,East,Furniture,Phones,iPhone 13,2,190.87,381.74,0.2,0.0
ORD-1486,01/05/2024,02/05/2024,First Class,CUST-1486,Bob Lee,Consumer,West,Office Supplies,Chairs,iPhone 13,3,27.59,82.77,0.2,0.0
ORD-1487,02/05/2024,06/05/2024,Same Day,CUST-1487,Jane Smith,Home Office,Central,Furniture,Accessories,Conference Table,3,57.03,171.09,0.1,17.11
ORD-1488,03/05/2024,09/05/2024,Standard Class,CUST-1488,Carol White,Corporate,Central,Office Supplies,Binders,Mouse Pad,1,457.36,457.36,0.3,-45.74
ORD-1489,04/05/2024,09/05/2024,Standard Class,CUST-1489,Jane Smith,Consumer,South,Technology,Storage,Mouse Pad,6,190.33,1141.98,0.3,-114.2
ORD-1490,05/05/2024,06/05/2024,Same Day,CUST-1490,Alice Johnson,Consumer,Central,Technology,Storage,Mouse Pad,8,223.89,1791.12,0.1,179.11
ORD-1491,06/05/2024,08/05/2024,Standard Class,CUST-1491,Alice Johnson,Corporate,Central,Technology,Tables,Ring Binder,3,123.37,370.11,0.0,74.02
ORD-1492,07/05/2024,10/05/2024,Standard Class,CUST-1492,Alice Johnson,Consumer,West,Office Supplies,Tables,Steel Cabinet,5,306.61,1533.05,0.3,-153.3
ORD-1493,08/05/2024,10/05/2024,Second Class,CUST-1493,Alice Johnson,Corporate,Central,Technology,Storage,Mouse Pad,1,305.51,305.51,0.3,-30.55
ORD-1494,09/05/2024,15/05/2024,Standard Class,CUST-1494,Bob Lee,Corporate,West,Furniture,Storage,iPhone 13,7,198.66,1390.62,0.0,278.12
ORD-1495,10/05/2024,16/05/2024,First Class,CUST-1495,Carol White,Corporate,West,Technology,Binders,iPhone 13,1,179.86,179.86,0.3,-17.99
ORD-1496,11/05/2024,13/05/2024,First Class,CUST-1496,Jane Smith,Corporate,West,Technology,Phones,Mouse Pad,9,444.78,4003.02,0.3,-400.3
ORD-1497,12/05/2024,13/05/2024,Same Day,CUST-1497,Jane Smith,Corporate,West,Technology,Tables,Mouse Pad,8,203.98,1631.84,0.0,326.37
ORD-1498,13/05/2024,15/05/2024,Standard Class,CUST-1498,Alice Johnson,Home Office,East,Furniture,Phones,iPhone 13,7,256.88,1798.16,0.0,359.63
ORD-1499,14/05/2024,18/05/2024,Same Day,CUST-1499,Alice Johnson,Consumer,South,Office Supplies,Binders,Ring Binder,7,155.99,1091.93,0.2,0.0
